ID,N.,Plot ID,Plot ID Fin,Forest type,Date,Village,Khmer Name,E_Name,Species,2025_X,2025_Y,2025_DBH (cm),2025_Bole Height,2025_Top_Height,2025_Living_deadTree
2025_CH3_76,76,CH3,CP1,Plantation,21/01/2025,Tapenh,ស្វាយចន្ទី,Cashaw,anacardium occidentale,7.1,4,5,1,4.19,Living tree
2025_CH3_77,77,CH3,CP1,Plantation,21/01/2025,Tapenh,ស្វាយចន្ទី,Cashaw,anacardium occidentale,7.1,4,5.6,1.43,5.03,Living tree
2025_CH1_7,7,CH1,CP3,Plantation,21/01/2025,Tapenh,ស្វាយចន្ទី,Cashaw,Anacardium occidentale,6.8,9,6.5,1.62,5.3,Living tree
2025_CH3_78,78,CH3,CP1,Plantation,21/01/2025,Tapenh,ស្វាយចន្ទី,Cashaw,anacardium occidentale,9.2,1.7,7.1,1.95,5.19,Living tree
2025_CH2_35,35,CH2,CP2,Plantation,2025-01-22,Tapenh,ស្វាយចន្ទី,Cashaw,Anacardium occidentale,0.7,2.5,7.5,1.56,5.93,Living tree
2025_CH1_6,6,CH1,CP3,Plantation,21/01/2025,Tapenh,ស្វាយចន្ទី,Cashaw,Anacardium occidentale,6.8,9,7.9,1.72,7.64,Living tree
2025_CH3_65,65,CH3,CP1,Plantation,21/01/2025,Tapenh,ស្វាយចន្ទី,Cashaw,anacardium occidentale,3.5,3.5,8.1,1.54,6.76,Living tree
2025_CH3_71,71,CH3,CP1,Plantation,21/01/2025,Tapenh,ស្វាយចន្ទី,Cashaw,anacardium occidentale,3.4,8.5,8.3,1.98,6.39,Living tree
2025_CH1_8,8,CH1,CP3,Plantation,21/01/2025,Tapenh,ស្វាយចន្ទី,Cashaw,Anacardium occidentale,6.8,9,8.6,3.2,7.41,Living tree
2025_CH3_68,68,CH3,CP1,Plantation,21/01/2025,Tapenh,ស្វាយចន្ទី,Cashaw,anacardium occidentale,1.6,5.3,8.6,1.15,6.14,Living tree
2025_CH2_38,38,CH2,CP2,Plantation,2025-01-22,Tapenh,ស្វាយចន្ទី,Cashaw,Anacardium occidentale,5.2,1,9.2,2.34,4.44,Living tree
2025_CH3_64,64,CH3,CP1,Plantation,21/01/2025,Tapenh,ស្វាយចន្ទី,Cashaw,anacardium occidentale,3.5,3.5,9.6,1.48,11.1,Living tree
2025_CH3_74,74,CH3,CP1,Plantation,21/01/2025,Tapenh,ស្វាយចន្ទី,Cashaw,anacardium occidentale,7.1,4,9.9,1.3,5.98,Living tree
2025_CH3_62,62,CH3,CP1,Plantation,21/01/2025,Tapenh,ស្វាយចន្ទី,Cashaw,anacardium occidentale,0.5,3.5,10,3.22,6.25,Living tree
2025_CH2_34,34,CH2,CP2,Plantation,2025-01-22,Tapenh,ស្វាយចន្ទី,Cashaw,Anacardium occidentale,0.7,2.5,10.5,1.56,3.6,Living tree
2025_CH3_75,75,CH3,CP1,Plantation,21/01/2025,Tapenh,ស្វាយចន្ទី,Cashaw,anacardium occidentale,7.1,4,10.5,1.42,5.97,Living tree
2025_CH1_5,5,CH1,CP3,Plantation,21/01/2025,Tapenh,ស្វាយចន្ទី,Cashaw,Anacardium occidentale,6.8,9,10.8,2.65,7.45,Living tree
2025_CH3_67,67,CH3,CP1,Plantation,21/01/2025,Tapenh,ស្វាយចន្ទី,Cashaw,anacardium occidentale,1.6,0.7,11.4,2.18,5.9,Living tree
2025_CH3_70,70,CH3,CP1,Plantation,21/01/2025,Tapenh,ស្វាយចន្ទី,Cashaw,anacardium occidentale,3.4,8.5,11.4,3.29,6.78,Living tree
2025_CH1_3,3,CH1,CP3,Plantation,21/01/2025,Tapenh,ស្វាយចន្ទី,Cashaw,Anacardium occidentale,2.7,7.2,12.2,3.81,7.59,Living tree
2025_CH3_69,69,CH3,CP1,Plantation,21/01/2025,Tapenh,ស្វាយចន្ទី,Cashaw,anacardium occidentale,3.4,8.5,12.4,1.8,7.19,Living tree
2025_CH2_33,33,CH2,CP2,Plantation,2025-01-22,Tapenh,ស្វាយចន្ទី,Cashaw,Anacardium occidentale,0.7,2.5,12.6,1.56,6.47,Living tree
2025_CH1_4,4,CH1,CP3,Plantation,21/01/2025,Tapenh,ស្វាយចន្ទី,Cashaw,Anacardium occidentale,5.3,7.7,12.9,2.48,7.65,Living tree
2025_CH3_66,66,CH3,CP1,Plantation,21/01/2025,Tapenh,ស្វាយចន្ទី,Cashaw,anacardium occidentale,1.6,0.7,13.4,2.96,6.54,Living tree
2025_CH3_63,63,CH3,CP1,Plantation,21/01/2025,Tapenh,ស្វាយចន្ទី,Cashaw,anacardium occidentale,3.5,3.2,13.6,1.96,6.7,Living tree
2025_CH1_1,1,CH1,CP3,Plantation,21/01/2025,Tapenh,ស្វាយចន្ទី,Cashaw,Anacardium occidentale,0.8,9.55,13.8,2.75,8.52,Living tree
2025_CH2_39,39,CH2,CP2,Plantation,2025-01-22,Tapenh,ស្វាយចន្ទី,Cashaw,Anacardium occidentale,8,5,13.8,2.7,6.66,Living tree
2025_CH2_40,40,CH2,CP2,Plantation,2025-01-22,Tapenh,ស្វាយចន្ទី,Cashaw,Anacardium occidentale,8,5,14,3.24,6.66,Living tree
2025_CH1_2,2,CH1,CP3,Plantation,21/01/2025,Tapenh,ស្វាយចន្ទី,Cashaw,Anacardium occidentale,2.7,7.5,14.2,1.8,7.59,Living tree
2025_CH2_37,37,CH2,CP2,Plantation,2025-01-22,Tapenh,ស្វាយចន្ទី,Cashaw,Anacardium occidentale,3.2,7,14.2,1.3,5.88,Living tree
2025_CH2_36,36,CH2,CP2,Plantation,2025-01-22,Tapenh,ស្វាយចន្ទី,Cashaw,Anacardium occidentale,3.2,7,14.7,1.3,5.88,Living tree
2025_CH3_73,73,CH3,CP1,Plantation,21/01/2025,Tapenh,ស្វាយចន្ទី,Cashaw,anacardium occidentale,5.7,8,14.8,2.51,7.82,Living tree
2025_CH3_72,72,CH3,CP1,Plantation,21/01/2025,Tapenh,ស្វាយចន្ទី,Cashaw,anacardium occidentale,5.7,8,14.9,3.97,7.86,Living tree
2025_CH2_44,44,CH2,CP2,Plantation,2025-01-22,Tapenh,ស្វាយចន្ទី,Cashaw,Anacardium occidentale,11.4,6.7,15,1.1,4.24,Living tree
2025_CH2_45,45,CH2,CP2,Plantation,2025-01-22,Tapenh,ស្វាយចន្ទី,Cashaw,Anacardium occidentale,11.4,6.7,15,2.75,6.77,Living tree
2025_CH1_13,13,CH1,CP3,Plantation,21/01/2025,Tapenh,ស្វាយចន្ទី,Cashaw,Anacardium occidentale,10,9.3,15.2,2.93,8.96,Living tree
2025_CH3_87,87,CH3,CP1,Plantation,21/01/2025,Tapenh,ស្វាយចន្ទី,Cashaw,anacardium occidentale,15,8.2,15.3,2.16,6.44,Living tree
2025_CH1_16,16,CH1,CP3,Plantation,21/01/2025,Tapenh,ស្វាយចន្ទី,Cashaw,Anacardium occidentale,13,13.4,15.4,2.51,8.2,Living tree
2025_CH2_46,46,CH2,CP2,Plantation,2025-01-22,Tapenh,ស្វាយចន្ទី,Cashaw,Anacardium occidentale,18.06,10,15.5,1.76,7.24,Living tree
2025_CH1_12,12,CH1,CP3,Plantation,21/01/2025,Tapenh,ស្វាយចន្ទី,Cashaw,Anacardium occidentale,9.7,5.2,15.6,1.99,7.21,Living tree
2025_CH3_79,79,CH3,CP1,Plantation,21/01/2025,Tapenh,ស្វាយចន្ទី,Cashaw,anacardium occidentale,3.4,8.5,15.6,1.64,6.88,Living tree
2025_CH1_15,15,CH1,CP3,Plantation,21/01/2025,Tapenh,ស្វាយចន្ទី,Cashaw,Anacardium occidentale,11,13.4,15.8,1.92,8.14,Living tree
2025_CH2_47,47,CH2,CP2,Plantation,2025-01-22,Tapenh,ស្វាយចន្ទី,Cashaw,Anacardium occidentale,24.5,9,15.8,1.46,6.26,Living tree
2025_CH3_84,84,CH3,CP1,Plantation,21/01/2025,Tapenh,ស្វាយចន្ទី,Cashaw,anacardium occidentale,21.4,7,15.8,2.92,7.19,Living tree
2025_CH1_14,14,CH1,CP3,Plantation,21/01/2025,Tapenh,ស្វាយចន្ទី,Cashaw,Anacardium occidentale,8,13,15.9,2.99,7.77,Living tree
2025_CH3_88,88,CH3,CP1,Plantation,21/01/2025,Tapenh,ស្វាយចន្ទី,Cashaw,anacardium occidentale,7.3,13.9,15.9,2.15,7.5,Living tree
2025_CH1_11,11,CH1,CP3,Plantation,21/01/2025,Tapenh,ស្វាយចន្ទី,Cashaw,Anacardium occidentale,10.2,2.2,16,1.9,7.31,Living tree
2025_CH3_82,82,CH3,CP1,Plantation,21/01/2025,Tapenh,ស្វាយចន្ទី,Cashaw,anacardium occidentale,14,8,16,1.57,6.56,Living tree
2025_CH1_9,9,CH1,CP3,Plantation,21/01/2025,Tapenh,ស្វាយចន្ទី,Cashaw,Anacardium occidentale,0.3,6.1,16.4,4.25,4.8,Living tree
2025_CH1_17,17,CH1,CP3,Plantation,21/01/2025,Tapenh,ស្វាយចន្ទី,Cashaw,Anacardium occidentale,14.8,4.4,16.4,2.94,7.68,Living tree
2025_CH2_49,49,CH2,CP2,Plantation,2025-01-22,Tapenh,រំដួល,white cheesewood,Melodorum fruticosum,24,13.3,16.4,4.3,9.8,Living tree
2025_CH3_83,83,CH3,CP1,Plantation,21/01/2025,Tapenh,ស្វាយចន្ទី,Cashaw,anacardium occidentale,20,2,16.4,2,7.35,Living tree
2025_CH3_85,85,CH3,CP1,Plantation,21/01/2025,Tapenh,ស្វាយចន្ទី,Cashaw,anacardium occidentale,26.4,12.8,16.6,3.28,8.04,Living tree
2025_CH3_80,80,CH3,CP1,Plantation,21/01/2025,Tapenh,ស្វាយចន្ទី,Cashaw,anacardium occidentale,8,8,16.7,2.09,6.87,Living tree
2025_CH3_89,89,CH3,CP1,Plantation,21/01/2025,Tapenh,ស្វាយចន្ទី,Cashaw,anacardium occidentale,5.7,14,17.1,1.45,7.09,Living tree
2025_CH1_19,19,CH1,CP3,Plantation,21/01/2025,Tapenh,ស្វាយចន្ទី,Cashaw,Anacardium occidentale,16,9.3,17.5,1.79,7.1,Living tree
2025_CH2_48,48,CH2,CP2,Plantation,2025-01-22,Tapenh,រំដួល,white cheesewood,Melodorum fruticosum,24,13.3,17.5,1.5,9.8,Living tree
2025_CH2_41,41,CH2,CP2,Plantation,2025-01-22,Tapenh,ស្វាយចន្ទី,Cashaw,Anacardium occidentale,8,5,17.7,1.4,6.82,Living tree
2025_CH2_42,42,CH2,CP2,Plantation,2025-01-22,Tapenh,ស្វាយចន្ទី,Cashaw,Anacardium occidentale,8,5,17.7,1.97,7.39,Living tree
2025_CH2_43,43,CH2,CP2,Plantation,2025-01-22,Tapenh,ស្វាយចន្ទី,Cashaw,Anacardium occidentale,3.2,7,18,2.82,6.59,Living tree
2025_CH3_81,81,CH3,CP1,Plantation,21/01/2025,Tapenh,ស្វាយចន្ទី,Cashaw,anacardium occidentale,12,0.3,19,2.7,7.26,Living tree
2025_CH3_86,86,CH3,CP1,Plantation,21/01/2025,Tapenh,ស្វាយចន្ទី,Cashaw,anacardium occidentale,25.2,13,19.3,2.7,7.27,Living tree
2025_CH1_10,10,CH1,CP3,Plantation,21/01/2025,Tapenh,ស្វាយចន្ទី,Cashaw,Anacardium occidentale,4.85,2,19.7,2,7.71,Living tree
2025_CH1_20,20,CH1,CP3,Plantation,21/01/2025,Tapenh,ស្វាយចន្ទី,Cashaw,Anacardium occidentale,19.8,0.6,20.1,2.85,8.44,Living tree
2025_CH1_18,18,CH1,CP3,Plantation,21/01/2025,Tapenh,ស្វាយចន្ទី,Cashaw,Anacardium occidentale,16,9.3,20.8,1.64,7.39,Living tree
2025_CH1_21,21,CH1,CP3,Plantation,21/01/2025,Tapenh,ស្វាយចន្ទី,Cashaw,Anacardium occidentale,28.7,5.4,21.3,1.58,8.4,Living tree
2025_CH1_22,22,CH1,CP3,Plantation,21/01/2025,Tapenh,ស្វាយចន្ទី,NA,Anacardium occidentale,2,30.5,31.2,1.5,7.4,Living tree
